{"cameraMode":{"drawMode":0,"name":"Shaded","section":"Shading Mode"},"sceneLighting":false,"audioPlay":false,"sceneViewState":{"showFog":true,"showMaterialUpdate":true,"showSkybox":false,"showFlares":true,"showImageEffects":true,"showParticleSystems":true},"in2DMode":false,"pivot":{"x":0.0,"y":1.7300000190734864,"z":4.914000034332275},"rotation":{"x":0.23180820047855378,"y":-0.22490660846233369,"z":0.0551813542842865,"w":0.9447963237762451},"size":6.263582229614258,"orthographic":true}