{"cameraMode":{"drawMode":0,"name":"Shaded","section":"Shading Mode"},"sceneLighting":false,"audioPlay":false,"sceneViewState":{"showFog":true,"showMaterialUpdate":true,"showSkybox":false,"showFlares":true,"showImageEffects":true,"showParticleSystems":true},"in2DMode":false,"pivot":{"x":-6.063241004943848,"y":-28.113981246948243,"z":-12.314416885375977},"rotation":{"x":0.06876646727323532,"y":0.7675413489341736,"z":-0.08341445028781891,"w":0.6318882703781128},"size":125.97832489013672,"orthographic":false}