{"cameraMode":{"drawMode":0,"name":"Shaded","section":"Shading Mode"},"sceneLighting":false,"audioPlay":false,"sceneViewState":{"showFog":true,"showMaterialUpdate":true,"showSkybox":false,"showFlares":true,"showImageEffects":true,"showParticleSystems":true},"in2DMode":false,"pivot":{"x":0.20007415115833283,"y":3.943634510040283,"z":0.2991991639137268},"rotation":{"x":0.000007472221113857813,"y":-0.9999940991401672,"z":0.003898047609254718,"w":0.0017966075101867319},"size":0.480255126953125,"orthographic":true}