{"cameraMode":{"drawMode":0,"name":"Shaded","section":"Shading Mode"},"sceneLighting":false,"audioPlay":false,"sceneViewState":{"showFog":true,"showMaterialUpdate":true,"showSkybox":false,"showFlares":true,"showImageEffects":true,"showParticleSystems":true},"in2DMode":false,"pivot":{"x":-0.14257663488388062,"y":4.5,"z":0.31045839190483096},"rotation":{"x":-0.1421521157026291,"y":0.6632204651832581,"z":0.13037635385990144,"w":0.7231457233428955},"size":0.338826984167099,"orthographic":true}