{"cameraMode":{"drawMode":0,"name":"Shaded","section":"Shading Mode"},"sceneLighting":false,"audioPlay":false,"sceneViewState":{"showFog":true,"showMaterialUpdate":true,"showSkybox":false,"showFlares":true,"showImageEffects":true,"showParticleSystems":true},"in2DMode":false,"pivot":{"x":0.13553935289382935,"y":2.9212779998779299,"z":3.1894068717956545},"rotation":{"x":0.00004061074650962837,"y":1.0000121593475342,"z":0.0071877362206578259,"w":0.0018015188397839666},"size":7.712029457092285,"orthographic":false}