{"cameraMode":{"drawMode":0,"name":"Shaded","section":"Shading Mode"},"sceneLighting":false,"audioPlay":false,"sceneViewState":{"showFog":true,"showMaterialUpdate":true,"showSkybox":false,"showFlares":true,"showImageEffects":true,"showParticleSystems":true},"in2DMode":false,"pivot":{"x":-2.1898353099823,"y":0.49951040744781496,"z":-3.1690001487731935},"rotation":{"x":0.36402833461761477,"y":0.14443430304527284,"z":-0.057254254817962649,"w":0.9183387756347656},"size":2.214637041091919,"orthographic":false}